{
  "checkpoint_path": "outputs/mlflow_experiments/v1-logmel-f/checkpoints/last.ckpt",
  "epoch": 12,
  "seed": 1234,
  "metrics": {
    "lr-AdamW": 0.0006500000017695129,
    "lr": 0.0006500036688521504,
    "lr_step": 0.0006500000017695129,
    "train/loss": 0.050881922245025635,
    "train/loss_step": 0.02527111954987049,
    "val/loss": 0.24143733084201813,
    "val/loss_epoch": 0.24143733084201813,
    "val/acc": 0.9314814805984497,
    "val/fmeasure": 41.15999984741211,
    "lr_epoch": 0.0006500036688521504,
    "train/loss_epoch": 0.050881922245025635,
    "train/acc": 0.9818888902664185
  }
}