experiment,class,precision,recall,f-measure
v1-pcen-f,Meerkat alarm call,0.09732360097323602,0.975609756097561,0.17699115044247787
v1-pcen-f,Meerkat move call,0.01079913606911447,0.45454545454545453,0.02109704641350211
v1-pcen-f,Blackbird call,0.009189041470246635,0.04694250581588568,0.01536915344172351
v1-pcen-f,Song thrush call,0.005415751167261741,0.10334346504559269,0.010142571931288556
