experiment,class,precision,recall,f-measure
v1-pcen-neg-csv-f,Meerkat alarm call,0.14335664335664336,1.0,0.25076452599388377
v1-pcen-neg-csv-f,Meerkat move call,0.024390243902439025,0.9090909090909091,0.047505938242280284
v1-pcen-neg-csv-f,Blackbird call,0.04032758064516129,0.03676970588235294,0.03846653846153846
v1-pcen-neg-csv-f,Song thrush call,0.0019493870237405463,0.07944951030057412,0.003804471581192392
